API,PEAK_hour,Threads,Requests_per_Thread,Constant_Timer_ms,Ramp_Up_Time_sec
API-2001,545464,152,3589,1003,360
API-2002,108031,31,3485,1033,360
API-1448,44681,13,3437,1047,360
API-1362,40617,12,3385,1064,360
API-1535,46770,13,3598,1001,360
API-1641,87631,25,3506,1027,360
API-1811,33740,10,3374,1067,360
API-1849,4906,2,2453,1468,360
API-1345,41737,12,3479,1035,360
API-1694,4221,2,2111,1705,360
API-1210,13237,4,3310,1088,360
API-1168,2023,1,2023,1780,360
API-1684,1266,1,1266,2844,360
API-1964,1270,1,1270,2835,360
API-1979,1273,1,1273,2828,360
API-1685,1267,1,1267,2841,360
API-1980,3050,1,3050,1180,360
API-1985,1221,1,1221,2948,360
API-2148,418,1,418,8612,360
API-1880,3,1,3,1200000,360
API-1963,2089,1,2089,1723,360
API-1211,22727,7,3247,1109,360
API-1209,254,1,254,14173,360
API-1736,520,1,520,6923,360
API-1688,604,1,604,5960,360
API-1686,646,1,646,5573,360
API-1488,641,1,641,5616,360
API-1984,769,1,769,4681,360
API-1167,294,1,294,12245,360
API-1171,841,1,841,4281,360
API-2141,89,1,89,40449,360
API-1986,610,1,610,5902,360
API-1810,152,1,152,23684,360
API-1557,500,1,500,7200,360
API-1364,130,1,130,27692,360
API-1809,173,1,173,20809,360
API-1539,227,1,227,15859,360
API-1801,688,1,688,5233,360
API-1854,190,1,190,18947,360
API-1584,145,1,145,24828,360
API-1263,96,1,96,37500,360
API-1852,249,1,249,14458,360
API-1758,161,1,161,22360,360
API-1981,860,1,860,4186,360
API-1831,134,1,134,26866,360
API-1808,39,1,39,92308,360
API-1978,111,1,111,32432,360
API-1834,237,1,237,15190,360
API-1823,158,1,158,22785,360
API-1585,107,1,107,33645,360
API-1832,120,1,120,30000,360
API-1853,98,1,98,36735,360
API-1856,94,1,94,38298,360
API-1855,94,1,94,38298,360
API-1687,42,1,42,85714,360
API-1355,98,1,98,36735,360
API-1306,103,1,103,34951,360
API-1807,65,1,65,55385,360
API-1591,116,1,116,31034,360
API-1297,221,1,221,16290,360
API-1731,1461,1,1461,2464,360
API-1742,6,1,6,600000,360
API-1590,166,1,166,21687,360
API-1444,347,1,347,10375,360
API-1574,3,1,3,1200000,360
API-1974,158,1,158,22785,360
API-1988,141,1,141,25532,360
API-1561,128,1,128,28125,360
API-1812,29092,9,3233,1114,360
API-1495,70,1,70,51429,360
API-1537,493,1,493,7302,360
API-1824,85,1,85,42353,360
API-1442,52,1,52,69231,360
API-1660,104,1,104,34615,360
API-1712,550,1,550,6545,360
API-1715,183,1,183,19672,360
API-1534,49,1,49,73469,360
API-1665,8,1,8,450000,360
API-1538,56,1,56,64286,360
API-1757,17,1,17,211765,360
API-1714,95,1,95,37895,360
API-1713,81,1,81,44444,360
API-1363,49,1,49,73469,360
API-1786,31,1,31,116129,360
API-1878,21,1,21,171429,360
API-1525,27,1,27,133333,360
API-1565,25,1,25,144000,360
API-1896,12,1,12,300000,360
API-1830,57,1,57,63158,360
API-1421,21,1,21,171429,360
API-1671,10,1,10,360000,360
API-1722,10,1,10,360000,360
API-1965,13,1,13,276923,360
API-1767,20,1,20,180000,360
API-2089,11,1,11,327273,360
API-1359,38,1,38,94737,360
API-1815,16,1,16,225000,360
API-1833,27,1,27,133333,360
API-1692,22,1,22,163636,360
API-1693,16,1,16,225000,360
API-1850,6,1,6,600000,360
API-1827,34,1,34,105882,360
API-1703,11,1,11,327273,360
API-1782,7,1,7,514286,360
API-1825,11,1,11,327273,360
API-1553,59,1,59,61017,360
API-1708,14,1,14,257143,360
API-1672,5,1,5,720000,360
API-1828,19,1,19,189474,360
API-1523,6,1,6,600000,360
API-1990,12,1,12,300000,360
API-1862,6,1,6,600000,360
API-1707,17,1,17,211765,360
API-1885,32,1,32,112500,360
API-1955,24034,7,3434,1048,360
API-1806,4,1,4,900000,360
API-1588,17,1,17,211765,360
API-1826,20,1,20,180000,360
API-1785,4,1,4,900000,360
API-1987,6,1,6,600000,360
API-1445,11,1,11,327273,360
API-1993,7,1,7,514286,360
API-1992,19,1,19,189474,360
API-1586,6,1,6,600000,360
API-2143,10,1,10,360000,360
API-1706,14,1,14,257143,360
API-1733,6,1,6,600000,360
API-1461,12,1,12,300000,360
API-1468,9,1,9,400000,360
API-1814,37,1,37,97297,360
API-1820,37,1,37,97297,360
API-1589,4,1,4,900000,360
API-1701,13,1,13,276923,360
API-1991,2,1,2,1800000,360
API-2144,3,1,3,1200000,360
API-2142,7,1,7,514286,360
API-1845,88,1,88,40909,360
API-1846,67,1,67,53731,360
API-1847,21,1,21,171429,360
API-1973,28,1,28,128571,360
API-1469,4,1,4,900000,360
API-1659,3,1,3,1200000,360
API-1711,1,1,1,3600000,360
API-1897,10,1,10,360000,360
API-1954,5,1,5,720000,360
API-1658,2,1,2,1800000,360
API-1894,3,1,3,1200000,360
API-1784,1,1,1,3600000,360
API-1805,1,1,1,3600000,360
API-1907,2,1,2,1800000,360
API-1938,2,1,2,1800000,360
API-1360,1165,1,1165,3090,360
API-1982,4772,2,2386,1509,360
API-1803,2,1,2,1800000,360
API-1876,1,1,1,3600000,360
API-1958,1,1,1,3600000,360
API-1861,1,1,1,3600000,360
API-1873,2,1,2,1800000,360
